variable,mean_DEATH_EVENT_0,mean_DEATH_EVENT_1,t_statistic,p_value
time,158.3399,70.8854,11.0062,2.3432761217968953e-22
ejection_fraction,40.266,33.4688,4.567,9.647152798521773e-06
age,58.7619,65.2153,-4.1862,4.7352145176592654e-05
serum_creatinine,1.1849,1.8358,-4.1526,6.398962339971595e-05
serum_sodium,137.2167,135.375,3.1645,0.0018723248301232341
creatinine_phosphokinase,540.0542,670.1979,-0.9012,0.36921596064201445
platelets,266657.4899,256381.0448,0.8448,0.39932313208796466
